{
  "injections": {
    "__dataframe__": true,
    "content": {
      "simulation_id": [
        2
      ],
      "mass_1": [
        1.6374293
      ],
      "mass_2": [
        1.593272
      ],
      "luminosity_distance": [
        422.71248
      ],
      "psi": [
        1.7486979961395264
      ],
      "phase": [
        -1.999014139175415
      ],
      "geocent_time": [
        1014705132.9735004
      ],
      "ra": [
        0.28608001
      ],
      "dec": [
        -0.8219833
      ],
      "theta_jn": [
        2.4084129
      ],
      "a_1": [
        0.20263172
      ],
      "a_2": [
        0.17212091
      ],
      "tilt_1": [
        0.0
      ],
      "tilt_2": [
        0.0
      ],
      "phi_12": [
        0.0
      ],
      "phi_jl": [
        -0.0
      ],
      "KNphi": [
        55.0527205290369
      ],
      "KNtheta": [
        65.66588588787533
      ],
      "timeshift": [
        -0.503658732480607
      ],
      "log10_mej_dyn": [
        -2.414376395050589
      ],
      "log10_mej_wind": [
        -2.596584049932482
      ]
    }
  }
}